Workbook

Sheet Cities
A1: City | B1: State | C1: Population | D1: Area_km2 | E1: Density_per_km2 | F1: Disposable_income_EUR | G1: Avg_household_size | H1: Share_aged_25_44 | I1: Picnic_serves_already | J1: Notes_source
A2: Freiburg im Breisgau | B2: Baden-Württemberg | C2: 231848 | D2: 153.1 | E2: =IF(AND(ISNUMBER(C2),ISNUMBER(D2),D2>0),C2/D2,"") -> 1514.3566 | F2: 27158 | G2: 2 | H2: =IF(ISNUMBER(INDEX(Age_25_44_data!$E:$E,MATCH($A2,Age_25_44_data!$A:$A,0))),INDEX(Age_25_44_data!$C:$C,MATCH($A2,Age_25_44_data!$A:$A,0))/INDEX(Age_25_44_data!$E:$E,MATCH($A2,Age_25_44_data!$A:$A,0)),INDEX(Age_25_44_data!$B:$B,MATCH($A2,Age_25_44_data!$A:$A,0))/$C2) -> 0.32232606 | I2: No | J2: Pop. & area: Wikipedia (EN) 'List of cities in Germany by population', pop. as of 31 Dec 2021 - verify | Income 2023: Statistikportal VGR der Länder, Reihe 2 Bd. 3 (Rev. 2024), Tab. 2.4, key 08311 | Household size: Zensus 2022 (15 May 2022), table 5000H-0001 'Average household size', key 08311 | Age share 2023: Wegweiser Kommune, pop. aged 25-44 (2023) / Population 2023 (Statistikportal VGR Tab. 3)
A3: Ulm | B3: Baden-Württemberg | C3: 126949 | D3: 118.7 | E3: =IF(AND(ISNUMBER(C3),ISNUMBER(D3),D3>0),C3/D3,"") -> 1069.4945 | F3: 32974 | G3: 2.1 | H3: =IF(ISNUMBER(INDEX(Age_25_44_data!$E:$E,MATCH($A3,Age_25_44_data!$A:$A,0))),INDEX(Age_25_44_data!$C:$C,MATCH($A3,Age_25_44_data!$A:$A,0))/INDEX(Age_25_44_data!$E:$E,MATCH($A3,Age_25_44_data!$A:$A,0)),INDEX(Age_25_44_data!$B:$B,MATCH($A3,Age_25_44_data!$A:$A,0))/$C3) -> 0.30650133 | I3: No | J3: Pop. & area: Wikipedia (EN) 'List of cities in Germany by population', pop. as of 31 Dec 2021 - verify | Income 2023: Statistikportal VGR der Länder, Reihe 2 Bd. 3 (Rev. 2024), Tab. 2.4, key 08421 | Household size: Zensus 2022 (15 May 2022), table 5000H-0001 'Average household size', key 08421 | Age share 2023: Wegweiser Kommune, pop. aged 25-44 (2023) / Population 2023 (Statistikportal VGR Tab. 3)
A4: Pforzheim | B4: Baden-Württemberg | C4: 125529 | D4: 98 | E4: =IF(AND(ISNUMBER(C4),ISNUMBER(D4),D4>0),C4/D4,"") -> 1280.9082 | F4: 26823 | G4: 2.2 | H4: =IF(ISNUMBER(INDEX(Age_25_44_data!$E:$E,MATCH($A4,Age_25_44_data!$A:$A,0))),INDEX(Age_25_44_data!$C:$C,MATCH($A4,Age_25_44_data!$A:$A,0))/INDEX(Age_25_44_data!$E:$E,MATCH($A4,Age_25_44_data!$A:$A,0)),INDEX(Age_25_44_data!$B:$B,MATCH($A4,Age_25_44_data!$A:$A,0))/$C4) -> 0.27560913 | I4: No | J4: Pop. & area: Wikipedia (EN) 'List of cities in Germany by population', pop. as of 31 Dec 2021 - verify | Income 2023: Statistikportal VGR der Länder, Reihe 2 Bd. 3 (Rev. 2024), Tab. 2.4, key 08231 | Household size: Zensus 2022 (15 May 2022), table 5000H-0001 'Average household size', key 08231 | Age share 2023: Wegweiser Kommune, pop. aged 25-44 (2023) / Population 2023 (Statistikportal VGR Tab. 3)
A5: Reutlingen | B5: Baden-Württemberg | C5: 116456 | D5: 87.1 | E5: =IF(AND(ISNUMBER(C5),ISNUMBER(D5),D5>0),C5/D5,"") -> 1337.0379 | F5: 30012 | G5: 2.2 | H5: =IF(ISNUMBER(INDEX(Age_25_44_data!$E:$E,MATCH($A5,Age_25_44_data!$A:$A,0))),INDEX(Age_25_44_data!$C:$C,MATCH($A5,Age_25_44_data!$A:$A,0))/INDEX(Age_25_44_data!$E:$E,MATCH($A5,Age_25_44_data!$A:$A,0)),INDEX(Age_25_44_data!$B:$B,MATCH($A5,Age_25_44_data!$A:$A,0))/$C5) -> 0.25603661 | I5: No | J5: Pop. & area: Wikipedia (EN) 'List of cities in Germany by population', pop. as of 31 Dec 2021 - verify | Income 2023: Statistikportal VGR der Länder, Reihe 2 Bd. 3 (Rev. 2024), Tab. 2.4, key 08415 - DISTRICT value (Reutlingen, Landkreis), not the city alone | Household size: Zensus 2022 (15 May 2022), table 5000H-0001 'Average household size', key 08415 - DISTRICT value (Reutlingen, Landkreis), not the city alone | Age share FALLBACK 2021: Wegweiser Kommune pop. aged 25-44 (2021) / Population 31 Dec 2021 (Wikipedia) - no 2023 city population available; replace by filling Age_25_44_data!E
A6: Augsburg | B6: Bavaria | C6: 296478 | D6: 146.8 | E6: =IF(AND(ISNUMBER(C6),ISNUMBER(D6),D6>0),C6/D6,"") -> 2019.6049 | F6: 25528 | G6: 1.9 | H6: =IF(ISNUMBER(INDEX(Age_25_44_data!$E:$E,MATCH($A6,Age_25_44_data!$A:$A,0))),INDEX(Age_25_44_data!$C:$C,MATCH($A6,Age_25_44_data!$A:$A,0))/INDEX(Age_25_44_data!$E:$E,MATCH($A6,Age_25_44_data!$A:$A,0)),INDEX(Age_25_44_data!$B:$B,MATCH($A6,Age_25_44_data!$A:$A,0))/$C6) -> 0.31070998 | I6: No | J6: Pop. & area: Wikipedia (EN) 'List of cities in Germany by population', pop. as of 31 Dec 2021 - verify | Income 2023: Statistikportal VGR der Länder, Reihe 2 Bd. 3 (Rev. 2024), Tab. 2.4, key 09761 | Household size: Zensus 2022 (15 May 2022), table 5000H-0001 'Average household size', key 09761 | Age share 2023: Wegweiser Kommune, pop. aged 25-44 (2023) / Population 2023 (Statistikportal VGR Tab. 3) | Augsburg 2023 25-44 count (93,863) confirmed by user against the portal
A7: Regensburg | B7: Bavaria | C7: 153542 | D7: 80.8 | E7: =IF(AND(ISNUMBER(C7),ISNUMBER(D7),D7>0),C7/D7,"") -> 1900.2723 | F7: 29370 | G7: 1.7 | H7: =IF(ISNUMBER(INDEX(Age_25_44_data!$E:$E,MATCH($A7,Age_25_44_data!$A:$A,0))),INDEX(Age_25_44_data!$C:$C,MATCH($A7,Age_25_44_data!$A:$A,0))/INDEX(Age_25_44_data!$E:$E,MATCH($A7,Age_25_44_data!$A:$A,0)),INDEX(Age_25_44_data!$B:$B,MATCH($A7,Age_25_44_data!$A:$A,0))/$C7) -> 0.34770975 | I7: No | J7: Pop. & area: Wikipedia (EN) 'List of cities in Germany by population', pop. as of 31 Dec 2021 - verify | Income 2023: Statistikportal VGR der Länder, Reihe 2 Bd. 3 (Rev. 2024), Tab. 2.4, key 09362 | Household size: Zensus 2022 (15 May 2022), table 5000H-0001 'Average household size', key 09362 | Age share 2023: Wegweiser Kommune, pop. aged 25-44 (2023) / Population 2023 (Statistikportal VGR Tab. 3)
A8: Ingolstadt | B8: Bavaria | C8: 138016 | D8: 133.4 | E8: =IF(AND(ISNUMBER(C8),ISNUMBER(D8),D8>0),C8/D8,"") -> 1034.6027 | F8: 28643 | G8: 2 | H8: =IF(ISNUMBER(INDEX(Age_25_44_data!$E:$E,MATCH($A8,Age_25_44_data!$A:$A,0))),INDEX(Age_25_44_data!$C:$C,MATCH($A8,Age_25_44_data!$A:$A,0))/INDEX(Age_25_44_data!$E:$E,MATCH($A8,Age_25_44_data!$A:$A,0)),INDEX(Age_25_44_data!$B:$B,MATCH($A8,Age_25_44_data!$A:$A,0))/$C8) -> 0.30464675 | I8: No | J8: Pop. & area: Wikipedia (EN) 'List of cities in Germany by population', pop. as of 31 Dec 2021 - verify | Income 2023: Statistikportal VGR der Länder, Reihe 2 Bd. 3 (Rev. 2024), Tab. 2.4, key 09161 | Household size: Zensus 2022 (15 May 2022), table 5000H-0001 'Average household size', key 09161 | Age share 2023: Wegweiser Kommune, pop. aged 25-44 (2023) / Population 2023 (Statistikportal VGR Tab. 3)
A9: Fürth | B9: Bavaria | C9: 129122 | D9: 63.4 | E9: =IF(AND(ISNUMBER(C9),ISNUMBER(D9),D9>0),C9/D9,"") -> 2036.6246 | F9: 32437 | G9: 2 | H9: =IF(ISNUMBER(INDEX(Age_25_44_data!$E:$E,MATCH($A9,Age_25_44_data!$A:$A,0))),INDEX(Age_25_44_data!$C:$C,MATCH($A9,Age_25_44_data!$A:$A,0))/INDEX(Age_25_44_data!$E:$E,MATCH($A9,Age_25_44_data!$A:$A,0)),INDEX(Age_25_44_data!$B:$B,MATCH($A9,Age_25_44_data!$A:$A,0))/$C9) -> 0.28825731 | I9: No | J9: Pop. & area: Wikipedia (EN) 'List of cities in Germany by population', pop. as of 31 Dec 2021 - verify | Income 2023: Statistikportal VGR der Länder, Reihe 2 Bd. 3 (Rev. 2024), Tab. 2.4, key 09563 | Household size: Zensus 2022 (15 May 2022), table 5000H-0001 'Average household size', key 09563 | Age share 2023: Wegweiser Kommune, pop. aged 25-44 (2023) / Population 2023 (Statistikportal VGR Tab. 3)
A10: Erlangen | B10: Bavaria | C10: 113292 | D10: 77 | E10: =IF(AND(ISNUMBER(C10),ISNUMBER(D10),D10>0),C10/D10,"") -> 1471.3247 | F10: 30114 | G10: 1.9 | H10: =IF(ISNUMBER(INDEX(Age_25_44_data!$E:$E,MATCH($A10,Age_25_44_data!$A:$A,0))),INDEX(Age_25_44_data!$C:$C,MATCH($A10,Age_25_44_data!$A:$A,0))/INDEX(Age_25_44_data!$E:$E,MATCH($A10,Age_25_44_data!$A:$A,0)),INDEX(Age_25_44_data!$B:$B,MATCH($A10,Age_25_44_data!$A:$A,0))/$C10) -> 0.32964398 | I10: No | J10: Pop. & area: Wikipedia (EN) 'List of cities in Germany by population', pop. as of 31 Dec 2021 - verify | Income 2023: Statistikportal VGR der Länder, Reihe 2 Bd. 3 (Rev. 2024), Tab. 2.4, key 09562 | Household size: Zensus 2022 (15 May 2022), table 5000H-0001 'Average household size', key 09562 | Age share 2023: Wegweiser Kommune, pop. aged 25-44 (2023) / Population 2023 (Statistikportal VGR Tab. 3)
A11: Potsdam | B11: Brandenburg | C11: 183154 | D11: 187.3 | E11: =IF(AND(ISNUMBER(C11),ISNUMBER(D11),D11>0),C11/D11,"") -> 977.86439 | F11: 27311 | G11: 1.9 | H11: =IF(ISNUMBER(INDEX(Age_25_44_data!$E:$E,MATCH($A11,Age_25_44_data!$A:$A,0))),INDEX(Age_25_44_data!$C:$C,MATCH($A11,Age_25_44_data!$A:$A,0))/INDEX(Age_25_44_data!$E:$E,MATCH($A11,Age_25_44_data!$A:$A,0)),INDEX(Age_25_44_data!$B:$B,MATCH($A11,Age_25_44_data!$A:$A,0))/$C11) -> 0.2911846 | I11: No | J11: Pop. & area: Wikipedia (EN) 'List of cities in Germany by population', pop. as of 31 Dec 2021 - verify | Income 2023: Statistikportal VGR der Länder, Reihe 2 Bd. 3 (Rev. 2024), Tab. 2.4, key 12054 | Household size: Zensus 2022 (15 May 2022), table 5000H-0001 'Average household size', key 12054 | Age share 2023: Wegweiser Kommune, pop. aged 25-44 (2023) / Population 2023 (Statistikportal VGR Tab. 3)
A12: Bremerhaven | B12: Bremen | C12: 113173 | D12: 93.8 | E12: =IF(AND(ISNUMBER(C12),ISNUMBER(D12),D12>0),C12/D12,"") -> 1206.5352 | F12: 21951 | G12: 1.9 | H12: =IF(ISNUMBER(INDEX(Age_25_44_data!$E:$E,MATCH($A12,Age_25_44_data!$A:$A,0))),INDEX(Age_25_44_data!$C:$C,MATCH($A12,Age_25_44_data!$A:$A,0))/INDEX(Age_25_44_data!$E:$E,MATCH($A12,Age_25_44_data!$A:$A,0)),INDEX(Age_25_44_data!$B:$B,MATCH($A12,Age_25_44_data!$A:$A,0))/$C12) -> 0.24712139 | I12: No | J12: Pop. & area: Wikipedia (EN) 'List of cities in Germany by population', pop. as of 31 Dec 2021 - verify | Income 2023: Statistikportal VGR der Länder, Reihe 2 Bd. 3 (Rev. 2024), Tab. 2.4, key 04012 | Household size: Zensus 2022 (15 May 2022), table 5000H-0001 'Average household size', key 04012 | Age share 2023: Wegweiser Kommune, pop. aged 25-44 (2023) / Population 2023 (Statistikportal VGR Tab. 3)
A13: Frankfurt am Main | B13: Hesse | C13: 759224 | D13: 248.31 | E13: =IF(AND(ISNUMBER(C13),ISNUMBER(D13),D13>0),C13/D13,"") -> 3057.5651 | F13: 29442 | G13: 1.9 | H13: =IF(ISNUMBER(INDEX(Age_25_44_data!$E:$E,MATCH($A13,Age_25_44_data!$A:$A,0))),INDEX(Age_25_44_data!$C:$C,MATCH($A13,Age_25_44_data!$A:$A,0))/INDEX(Age_25_44_data!$E:$E,MATCH($A13,Age_25_44_data!$A:$A,0)),INDEX(Age_25_44_data!$B:$B,MATCH($A13,Age_25_44_data!$A:$A,0))/$C13) -> 0.33345471 | I13: No | J13: Pop. & area: Wikipedia (EN) 'List of cities in Germany by population', pop. as of 31 Dec 2021 - verify | Income 2023: Statistikportal VGR der Länder, Reihe 2 Bd. 3 (Rev. 2024), Tab. 2.4, key 06412 | Household size: Zensus 2022 (15 May 2022), table 5000H-0001 'Average household size', key 06412 | Age share 2023: Wegweiser Kommune, pop. aged 25-44 (2023) / Population 2023 (Statistikportal VGR Tab. 3)
... A31: Jena | B31: Thuringia | C31: 110502 | D31: 114.8 | E31: =IF(AND(ISNUMBER(C31),ISNUMBER(D31),D31>0),C31/D31,"") -> 962.56098 | F31: 25960 | G31: 1.9 | H31: =IF(ISNUMBER(INDEX(Age_25_44_data!$E:$E,MATCH($A31,Age_25_44_data!$A:$A,0))),INDEX(Age_25_44_data!$C:$C,MATCH($A31,Age_25_44_data!$A:$A,0))/INDEX(Age_25_44_data!$E:$E,MATCH($A31,Age_25_44_data!$A:$A,0)),INDEX(Age_25_44_data!$B:$B,MATCH($A31,Age_25_44_data!$A:$A,0))/$C31) -> 0.31004316 | I31: No | J31: Pop. & area: Wikipedia (EN) 'List of cities in Germany by population', pop. as of 31 Dec 2021 - verify | Income 2023: Statistikportal VGR der Länder, Reihe 2 Bd. 3 (Rev. 2024), Tab. 2.4, key 16053 | Household size: Zensus 2022 (15 May 2022), table 5000H-0001 'Average household size', key 16053 | Age share 2023: Wegweiser Kommune, pop. aged 25-44 (2023) / Population 2023 (Statistikportal VGR Tab. 3)

Sheet Read me
A1: How to use this table
A2: All 30 rows (yellow) | B2: Cities NOT on Picnic's location list. These are your candidates. Fill in Disposable income, Household size, Share aged 25-44 (2023) and Notes_source (Population and Area are already filled in, please verify).
A3: Served cities removed | B3: The 34 cities Picnic already serves were moved to Picnic_served_cities_backup.xlsx. Optional: use them later to test whether served cities score high in your model.
A4: Grey column E | B4: Density is a formula (Population ÷ Area). Don't type there.
A5: Picnic_serves_already | B5: Filled using the list of Picnic locations you provided (picnic.app/de/locations, October 2026). Picnic adds cities over time, so re-check before you finish.
A6: Notes_source | B6: Write where each number came from (e.g. Regionalatlas 2023). This goes into your README later.
A7: Filter | B7: Use the filter arrow on Picnic_serves_already to show only 'No' cities.
A9: Where to find the data | B9: As far as I know (please confirm as you go):
A10: Population, Area | B10: Wikipedia 'Liste der Großstädte in Deutschland', or Destatis (destatis.de)
A11: Disposable income | B11: Regionalatlas Deutschland (regionalatlas.statistikportal.de), indicator 'Verfügbares Einkommen der privaten Haushalte je Einwohner'
A12: Household size, age structure | B12: Zensus 2022 (ergebnisse.zensus2022.de)
A14: Format example (NOT real data) | B14: Only shows how to type numbers. Do not use these values.
A15: City | B15: Population | C15: Area_km2 | D15: Income_EUR | E15: Household_size | F15: Share_25_44 | G15: Serves already?
A16: Example City | B16: 250000 | C16: 120.5 | D16: 23000 | E16: 2 | F16: 0.42 | G16: No
A19: Progress
A20: Cities listed | B20: =COUNTA(Cities!A2:A115) -> 30
A21: Not served by Picnic ('No') | B21: =COUNTIF(Cities!I2:I115,"No") -> 30
A22: 'No' cities with all 5 numbers filled in (target 25-30) | B22: =SUMPRODUCT((Cities!I2:I115="No")*(Cities!C2:C115<>"")*(Cities!D2:D115<>"")*(Cities!F2:F115<>"")*(Cities!G2:G115<>"")*(Cities!H2:H115<>"")) -> 30

Sheet Age_25_44_data
A1: City | B1: Pop_aged_25_44_2021 | C1: Pop_aged_25_44_2023 | D1: Source | E1: Population_2023
A2: Freiburg im Breisgau | B2: 73538 | C2: 76292 | D2: Wegweiser Kommune (Bertelsmann Stiftung), indicator "Bevölkerung 25- bis 44-Jährige", city level, retrieved Oct 2026 | E2: 236692
A3: Ulm | B3: 38313 | C3: 39672 | D3: Wegweiser Kommune (Bertelsmann Stiftung), indicator "Bevölkerung 25- bis 44-Jährige", city level, retrieved Oct 2026 | E3: 129435
A4: Pforzheim | B4: 33788 | C4: 35394 | D4: Wegweiser Kommune (Bertelsmann Stiftung), indicator "Bevölkerung 25- bis 44-Jährige", city level, retrieved Oct 2026 | E4: 128421
A5: Reutlingen | B5: 29817 | C5: 30868 | D5: Wegweiser Kommune (Bertelsmann Stiftung), indicator "Bevölkerung 25- bis 44-Jährige", city level, retrieved Oct 2026
A6: Augsburg | B6: 90370 | C6: 93863 | D6: Wegweiser Kommune (Bertelsmann Stiftung), indicator "Bevölkerung 25- bis 44-Jährige", city level, retrieved Oct 2026 | E6: 302092
A7: Regensburg | B7: 51817 | C7: 55096 | D7: Wegweiser Kommune (Bertelsmann Stiftung), indicator "Bevölkerung 25- bis 44-Jährige", city level, retrieved Oct 2026 | E7: 158454
A8: Ingolstadt | B8: 41412 | C8: 43159 | D8: Wegweiser Kommune (Bertelsmann Stiftung), indicator "Bevölkerung 25- bis 44-Jährige", city level, retrieved Oct 2026 | E8: 141669
A9: Fürth | B9: 36650 | C9: 37973 | D9: Wegweiser Kommune (Bertelsmann Stiftung), indicator "Bevölkerung 25- bis 44-Jährige", city level, retrieved Oct 2026 | E9: 131733
A10: Erlangen | B10: 35875 | C10: 38629 | D10: Wegweiser Kommune (Bertelsmann Stiftung), indicator "Bevölkerung 25- bis 44-Jährige", city level, retrieved Oct 2026 | E10: 117184
A11: Potsdam | B11: 54070 | C11: 54287 | D11: Wegweiser Kommune (Bertelsmann Stiftung), indicator "Bevölkerung 25- bis 44-Jährige", city level, retrieved Oct 2026 | E11: 186435
A12: Bremerhaven | B12: 27968 | C12: 28437 | D12: Wegweiser Kommune (Bertelsmann Stiftung), indicator "Bevölkerung 25- bis 44-Jährige", city level, retrieved Oct 2026 | E12: 115073
A13: Frankfurt am Main | B13: 252541 | C13: 258237 | D13: Wegweiser Kommune (Bertelsmann Stiftung), indicator "Bevölkerung 25- bis 44-Jährige", city level, retrieved Oct 2026 | E13: 774429
A14: Kassel | B14: 57385 | C14: 60179 | D14: Wegweiser Kommune (Bertelsmann Stiftung), indicator "Bevölkerung 25- bis 44-Jährige", city level, retrieved Oct 2026 | E14: 204445
A15: Göttingen | B15: 35972 | C15: 38421 | D15: Wegweiser Kommune (Bertelsmann Stiftung), indicator "Bevölkerung 25- bis 44-Jährige", city level, retrieved Oct 2026
A16: Rostock | B16: 58393 | C16: 58938 | D16: Wegweiser Kommune (Bertelsmann Stiftung), indicator "Bevölkerung 25- bis 44-Jährige", city level, retrieved Oct 2026 | E16: 210358
A17: Hagen | B17: 44987 | C17: 46504 | D17: Wegweiser Kommune (Bertelsmann Stiftung), indicator "Bevölkerung 25- bis 44-Jährige", city level, retrieved Oct 2026 | E17: 190137
A18: Solingen | B18: 38569 | C18: 40461 | D18: Wegweiser Kommune (Bertelsmann Stiftung), indicator "Bevölkerung 25- bis 44-Jährige", city level, retrieved Oct 2026 | E18: 161094
A19: Bergisch Gladbach | B19: 24188 | C19: 24878 | D19: Wegweiser Kommune (Bertelsmann Stiftung), indicator "Bevölkerung 25- bis 44-Jährige", city level, retrieved Oct 2026
A20: Recklinghausen | B20: 24886 | C20: 25525 | D20: Wegweiser Kommune (Bertelsmann Stiftung), indicator "Bevölkerung 25- bis 44-Jährige", city level, retrieved Oct 2026
A21: Bottrop | B21: 28018 | C21: 28882 | D21: Wegweiser Kommune (Bertelsmann Stiftung), indicator "Bevölkerung 25- bis 44-Jährige", city level, retrieved Oct 2026 | E21: 118409
A22: Mainz | B22: 70810 | C22: 74066 | D22: Wegweiser Kommune (Bertelsmann Stiftung), indicator "Bevölkerung 25- bis 44-Jährige", city level, retrieved Oct 2026 | E22: 221719
A23: Koblenz | B23: 32896 | C23: 34193 | D23: Wegweiser Kommune (Bertelsmann Stiftung), indicator "Bevölkerung 25- bis 44-Jährige", city level, retrieved Oct 2026 | E23: 115283
A24: Trier | B24: 34455 | C24: 35910 | D24: Wegweiser Kommune (Bertelsmann Stiftung), indicator "Bevölkerung 25- bis 44-Jährige", city level, retrieved Oct 2026 | E24: 112466
A25: Ludwigshafen am Rhein | B25: 46880 | C25: 48799 | D25: Wegweiser Kommune (Bertelsmann Stiftung), indicator "Bevölkerung 25- bis 44-Jährige", city level, retrieved Oct 2026 | E25: 175188
A26: Saarbrücken | B26: 50033 | C26: 52337 | D26: Wegweiser Kommune (Bertelsmann Stiftung), indicator "Bevölkerung 25- bis 44-Jährige", city level, retrieved Oct 2026
A27: Leipzig | B27: 195293 | C27: 203015 | D27: Wegweiser Kommune (Bertelsmann Stiftung), indicator "Bevölkerung 25- bis 44-Jährige", city level, retrieved Oct 2026 | E27: 617985
A28: Chemnitz | B28: 60902 | C28: 63038 | D28: Wegweiser Kommune (Bertelsmann Stiftung), indicator "Bevölkerung 25- bis 44-Jährige", city level, retrieved Oct 2026 | E28: 249621
A29: Kiel | B29: 74404 | C29: 76549 | D29: Wegweiser Kommune (Bertelsmann Stiftung), indicator "Bevölkerung 25- bis 44-Jährige", city level, retrieved Oct 2026 | E29: 248295
A30: Erfurt | B30: 57759 | C30: 58367 | D30: Wegweiser Kommune (Bertelsmann Stiftung), indicator "Bevölkerung 25- bis 44-Jährige", city level, retrieved Oct 2026 | E30: 215322
A31: Jena | B31: 34275 | C31: 34412 | D31: Wegweiser Kommune (Bertelsmann Stiftung), indicator "Bevölkerung 25- bis 44-Jährige", city level, retrieved Oct 2026 | E31: 110991
A33: Notes
A34: Share_aged_25_44 in sheet Cities = Pop_aged_25_44_2021 / Population (Cities column C, 31 Dec 2021). Same reference year for numerator and denominator.
A35: Why 2021: the 2022/2023 counts are on the Zensus 2022 basis, the Population column is on the older basis; mixing them would bias the share. 2023 counts are kept here for a later update once 2023 populations are added.
A37: Augsburg series was scrambled in the copy-paste and rebuilt (86,098 ... 93,863); please verify against the portal.
A38: Kiel 2023 value read as 76,549 (digits partly cut off in the paste); not used in the 2021 share.
A39: Age band is 25-44 (portal offers no 25-55 or 25-54 indicator).
A40: Population_2023: from Statistikportal VGR der Länder (Reihe 2 Bd. 3, Rev. 2024), Tab. 3 'Einwohnerinnen und Einwohner' (2023, in 1000 persons x 1000), only for cities that are districts of their own. Cross-check: the 2021 values of this table match the Wikipedia 2021 figures within 0.4% for these 25 cities.
A41: ORANGE cells: Reutlingen, Göttingen, Bergisch Gladbach, Recklinghausen, Saarbrücken have no 2023 city population (the file only has district totals). Their share uses the 2021 count / 2021 population instead (the Cities sheet marks them orange). If you later add the 2023 CITY population in column E, the formula switches to 2023 automatically.
A42: Share_aged_25_44 (sheet Cities) = Pop_aged_25_44_2023 / Population_2023. The 2021 columns are kept for reference only and are no longer used.
